Tweet,HS,Abusive,HS_Individual,HS_Group,HS_Religion,HS_Race,HS_Physical,HS_Gender,HS_Other,HS_Weak,HS_Moderate,HS_Strong,Abusive_Count,Abusive_Words
kaum cebong kapir udah keliatan dongoknya  awal tambah dongok  hahahah,1,1,0,1,1,0,0,0,0,0,1,0,2,cebong dongok
 mah sdh nenek nenek sy heran sama cebong biasay bohong terus,1,1,1,0,0,0,0,0,1,1,0,0,1,cebong
provokasi mayat politisasi agama penyebab kekalahan pilkada dki beginilah cara cebong mendeskripsikan kekalahan junjungannya fyi ahog blm pernah ikut pemilihan apapun kec jd wakil   bukanlah etnis mayorita,1,1,1,0,0,1,0,0,0,1,0,0,1,cebong
 cebong bang  merasa paling benar,1,1,1,0,0,0,0,0,1,1,0,0,1,cebong
goblog   bani cebong tukang tipu penjilat penguasa ketahuan gerakin masa dibayar pakai nasi bungkus propaganda nasi bungkus memang selalu gagal,1,1,0,1,0,0,0,0,1,0,1,0,2,bani cebong
wuih cebong sewot n xf x f x x xf x f x x xf x f x x,1,1,1,0,0,0,0,0,1,1,0,0,1,cebong
si tolol udah tau pemerintah rezim komunis  bobrok koruptor  pimpinan sidang dpr paya cebong url,1,1,1,0,0,1,0,0,0,1,0,0,4,tolol rezim komunis cebong
pemberitaan saracen diframing katak seakan tim prabowo  anies sandi seberulnya  media menumpahkan sakit hati katak  cebong ehe,1,1,0,1,0,0,0,0,1,0,1,0,1,cebong
kan ane bukan cebong udeh dibilangin  maren  ngeyel nsitu maksa ane jadi cebong,1,1,1,0,0,0,0,0,1,1,0,0,2,cebong cebong
tahun rakyat makan aspal  beton   solusi jitu mengurangi kemiskinan keahlian cebong  tukang tipu cebong mah gitu goblok  ketulungan plonga plongo mengakibatkan optimisme berlebihan gantipresiden,1,1,0,1,0,0,0,0,1,0,1,0,3,cebong cebong goblok
hahahaha blunder lu cebong gak ngasih tuh pem pusat  alasan ham kalau rakyat aceh  mau kali  cobak kau datangi pemerintah bilang suruh buat hukum islam kaffah  aceh klau dpr a,1,1,1,0,0,0,0,0,1,1,0,0,1,cebong
cebong kacung  kt temen gw dungunya sampe  tulang sum jd jgn buang energi debat sm  xf x f x x,1,1,0,1,0,0,0,0,1,0,1,0,1,cebong
nikita mirzani udah pake hijab  ngomong cebang cebong udah pernah fantasiin doi belom uh ah cokorers,1,1,1,0,0,0,0,0,1,1,0,0,1,cebong
kotor ga masalah  penting bahagia warganya cebong mana ngerti,1,1,0,1,0,0,0,0,1,0,1,0,1,cebong
brahahahaaa cebong nya ngahok xf x f xa xa xf x f xa xa cebong blm cebok xf x f x x,1,1,1,0,0,0,0,0,1,1,0,0,2,cebong cebong
belah duren yaaaa ngak dungu  gak cebong xf x f x x xf x f x x nmaaf ,1,1,1,0,0,0,0,0,1,1,0,0,2,dungu cebong
ahhh  kan perasaanmu  utk menghibur diri mana  cebong tdk bahagia presiden cebong punya tol cebong punya lha elo punya cuma germo xf x f x x xf x f x x xf x f x x,1,1,1,0,0,0,0,0,1,1,0,0,3,cebong cebong cebong
semua  terdapat  kelakuan bani cebong,1,1,0,1,0,0,0,0,1,0,1,0,2,bani cebong
cebong makin kepanasan jadi makin ngawur xf x f x x xf x f x x,1,1,1,0,0,0,0,0,1,1,0,0,1,cebong
ganti rezim kacung lah cebong mah gitu kalo ditanya,1,1,0,1,0,0,0,0,1,0,1,0,2,rezim cebong
cebong kampret  onta  ngak bersinggungan  laut,1,1,0,1,0,0,0,0,1,0,1,0,3,cebong kampret onta
  kamu malah cari musuh dasar peranakan cebong kampret,1,1,1,0,0,0,0,0,1,1,0,0,2,cebong kampret
mungkin mrk slh tulis  slh sebut aja bu nmkst nya mungkin cebong muda kampungan xf x f x x xf x f x x xf x f x x,1,1,1,0,0,0,0,0,1,1,0,0,2,cebong kampungan
presiden paling buruk  sejarah bangsa cebong,1,1,1,0,0,0,0,0,1,1,0,0,1,cebong
cebong  kasih fakta  bilang dusta cebong dikasih dusta  bilang realita cebonger s emang bikin gemes xf x f x x,1,1,0,1,0,0,0,0,1,0,1,0,2,cebong cebong
rakyat kaum bani cebong,1,1,0,1,0,0,0,0,1,0,1,0,2,bani cebong
biasa bro  ciri cebong adu domba  so lugu namanya  cebong buzzer recehan begini xf x f x x xf x f x x xf x f x x,1,1,0,1,0,0,0,0,1,0,1,0,2,cebong cebong
cebong   pernah senang lihat kejayaan pk anis   ttp sirik parahnya klu junjungan dipuji habis habisan meskipun melakukan  buruk,1,1,0,1,0,0,0,0,1,0,1,0,1,cebong
ngakak  barisan cebong sakit hati mau pake isu saracen utk nyerang anies sandi  gagal dilantik,1,1,0,1,0,0,0,0,1,0,1,0,1,cebong
cebong emang jagonya bikin  sebar hoax,1,1,0,1,0,0,0,0,1,0,1,0,1,cebong
setipe sama  dibelain nkata andalan cebong  pemuas syahwatnya xf x f x x xf x f x x xf x f x x,0,1,0,0,0,0,0,0,0,0,0,0,1,cebong
cebong  badut nya china xf x f xa xaa xf x f xa xaa xf x f x x xf x f x x xf x f x x cuma dikipasin sama uang recehan galaknya bukan main xf x,1,1,0,1,0,1,0,0,0,0,1,0,1,cebong
si joko pngen ttep populer buat pro nas d jkt si ahok jga g mw klah buat jga proyek  d jkt akhirnya pmbngunan blom slsai tp udh bngun lgi  d ruas utama sling brdekatan skrg cebong guoblok mlah nyalahin ani,1,1,1,0,0,0,0,0,1,1,0,0,1,cebong
bani kampret bani kecebong pilih bani adam lah soale manusia,1,1,0,1,0,0,0,0,1,0,1,0,4,bani kampret bani bani
jahahaha cebong kapir alay goblok munafik jijik banget dah iyuuhhh,1,1,1,0,1,0,0,0,0,1,0,0,5,cebong alay goblok munafik jijik
bangsat n cebong n kecoak n bajingan n taik ayam n uanjing n bodat n cecurut n borax n kucirap,0,1,0,0,0,0,0,0,0,0,0,0,3,bangsat cebong bajingan
 dulu nemang anaknya pepo  apa xe x d x nampang doang xe x d x nmo dibawa  bangsa  mo jadiin foto model xe x d x xe x d x n ncebong aja urus biar ga rewel gini n n xf x f x xb xf x,1,0,0,1,0,0,0,0,1,0,1,0,0,
siapa  bilang jadi kapir emang susah hahaha tuh kan sel otak lo blom nyambung   susah emang jadi kapir cebong  orang ngomong   ngomong  ngatain agama islam aja pake rujukan internasional hahaha ma,1,1,1,0,1,0,0,0,0,1,0,0,1,cebong
lt strong gt dasar cebong dungu turunan lt strong gt,1,1,0,1,0,0,0,0,1,0,1,0,2,cebong dungu
alaaaahhhhh omongan cebong mah udah ketauan  arahnya mau pakek tol kelok  tetep ga usah sok islam lu bong,1,1,0,1,1,0,0,0,0,0,1,0,2,cebong bong
giliran disodorin fakta  cebong pd mingkem ttep aja bgi cebong mau die sengsara jg dkung dilan otaknya udh terkontaminasi gc  mikir waras,1,1,0,1,0,0,0,0,1,0,1,0,2,cebong cebong
cebong udah girang pdhl  kibulin najis lo bong mata lo pd picek,1,1,0,1,0,0,1,0,0,0,1,0,4,cebong najis bong picek
udehh tau junjungan cebong  licik yaa kok  mau menghamba ama tukang ngibul,1,1,1,0,0,0,0,0,1,1,0,0,1,cebong
 anti kebhinnekaan cebong dituduh ummat islam,1,1,0,1,0,0,0,0,1,0,1,0,1,cebong
key point cebong dungu iq sekolam ngeyel ujung nya balik  kolam pokoknya ganti trus apa   xf x f x x,1,1,0,1,0,0,0,0,1,0,1,0,2,cebong dungu
 rezim sensasional tindakan dn peristiwa diluar nalar  smakin dominan terjdi berdoalah smoga   mendeklarasikan islam cebong nusantara xf x f x x f,1,1,0,1,0,0,0,0,1,0,1,0,2,rezim cebong
kaum cebong dungu saham  soal pengambilan keputusan mayoritas bukan  keuntungan lebih banyak nemangnya siapa gaji pekerja punya alatnya semua  freeport,1,1,1,0,0,0,0,0,1,1,0,0,2,cebong dungu
luh anak monyet sllu bawa agama kalo bicara politik  tau wawasan wwsn luh dangkal jdi kalo  sosmed luh bcranya sektariannizrm pemecah belah masalah umat  beragam suku  ras agama bicara  kecebong makar wong panglima gatot ajah gak  kaitanny,1,1,1,0,0,0,0,0,1,1,0,0,1,monyet
replyan gue ga dibalas mulu dasar onta cebong,1,1,1,0,0,0,0,0,1,1,0,0,2,onta cebong
terbukti kan kalo lo cuma modal fitnah xf x f x x nsemua cebong sama modal bacot kenceng  fitnah sana sini   ngebuktiin lo gak jauh beda sama temen temen lo  kolam xf x f x x xf x f x x,1,1,0,1,0,0,0,0,1,0,1,0,2,cebong bacot
haha sempit banget pikiranmu bang cuma  kampet cebong doang kasian ,1,1,1,0,0,0,0,0,1,1,0,0,1,cebong
cebong senior nihh,1,1,1,0,0,0,0,0,1,1,0,0,1,cebong
cebong mana ngerti,1,1,1,0,0,0,0,0,1,1,0,0,1,cebong
res res ncebong klo ga goblok  bloon res mklumin aje,1,1,0,1,0,0,0,0,1,0,1,0,1,goblok
cebong jangan dinasehati bu ga mempan mempannya diludahi x disebelah kiri  baca auzubillah,1,1,0,1,0,0,0,0,1,0,1,0,1,cebong
otak bani cebong emang kosong n nseorang napi penista agama diselingkuhi istri tahun lamanya amp jg bermulut jamban dipuja puja bak dewa n n n n cebongkoplo,1,1,1,0,1,0,0,0,0,1,0,0,3,bani cebong jamban
sifat kampret   cebong licik culas amp memfitna dasar cebong kampret,1,1,0,1,0,0,0,0,1,0,1,0,4,kampret cebong cebong kampret
iya lu manusia berkelakuan cebong mau hina  marah dihina,1,1,1,0,0,0,0,0,1,1,0,0,2,cebong hina
yaa elaj cebong gak kreatif bgt ikut bahasa  pake cebong anak kodok nabi lu kan si kodok makanya lu  panggil cebong laknat gantipresiden presidenbaru asalbukanjokowi,1,1,0,1,0,0,0,0,1,0,1,0,3,cebong cebong cebong
  j nih cebong bangsad cepet modar luh bong cuma jadi hama j luh bangsad,1,1,0,1,0,0,0,0,1,0,1,0,3,cebong modar bong
udah gak  nangkep kalimat  awal sok pinter sekolam pake ngata in islam kasihan banget temen cebong lo  islam udah mah mati an belain cebong kapir gak taunya agama islam  hina sama cebong kapir nih satu hahaha nas,1,1,0,1,1,0,0,0,0,0,1,0,4,cebong cebong hina cebong
justru  sebutan paling terhormat  malah kasihan sm cebong benerannya  samain dgn kaum dungu,1,1,0,1,0,0,0,0,1,0,1,0,2,cebong dungu
 akibat makan gaji dr duit korupsi blbi dilakukan  toke cina otak cebong benar dungu nmasalah tka cina bukan  fiksi tp sdh fakta tp kalian anggap isu tsb fiktif hancur negara  kalian jual,1,1,0,1,0,1,0,0,0,0,1,0,2,cebong dungu
kasusnya sp bong gak terbukti n ncuma halu  cecungung kodok alias cebong aja ,1,1,0,1,0,0,0,0,1,0,1,0,2,bong cebong
cebong otaknya  ngeblend,1,1,1,0,0,0,0,0,1,1,0,0,1,cebong
orang cina mah bebas selama si mukidi  keahlian cebong  tukang tipu cebong mah gitu goblok  ketulungan plonga plongo mengakibatkan optimisme berlebihan gantipresiden plongaplongo dunningkrugereffect,1,1,0,1,0,1,0,0,0,0,1,0,3,cebong cebong goblok
lah terserah gua dong gua kan mau ngatain cebong haha lucu banget cebong kapir satu ni awalnya sok iye ujuk ngasih data pengen kelihatan pinter  mata cebong   haha gak sadar  keceplosan keterusan ngatain agama i,1,1,1,0,1,0,0,0,0,1,0,0,3,cebong cebong cebong
menghadapi cebong  santai mbak kalo kt santai tp ngeselin bikin cebong emosi tinggi xf x f x x xf x f x x,1,1,1,0,0,0,0,0,1,1,0,0,2,cebong cebong
siapa tuh ustad gim gim gitu namanya lupa aku  minta ujaran cebong  kampret dihentikan  semestinya dihentikan  ujaran kafir dajjal   lebih tak pantas xf x f x x b xf x f x x b xf x f,1,1,1,0,0,0,0,0,1,1,0,0,3,cebong kampret kafir
islam nusantara ngga  bedanya sama cebong nusantara,1,1,0,1,1,0,0,0,0,0,1,0,1,cebong
tiba  sadar  bahasa kampret cebong tdk pantas  sekian lama menebar bahasa dg segala sara  kebencian trs kata kafir cina pki  munafik,1,1,0,1,0,0,0,0,1,0,1,0,4,kampret cebong kafir munafik
cebong kakean istilah  tetep aja hasilnya,1,1,0,1,0,0,0,0,1,0,1,0,1,cebong
 semua salah cebong,1,1,0,1,0,0,0,0,1,0,1,0,1,cebong
kalo jokowi tommy jadi ri amp ri dipastikan cebong banyak bunuh diri xf x f x x xf x f x x xf x f x x,1,1,0,1,0,0,0,0,1,0,1,0,1,cebong
dpr mempunyai legislasi nasional ternakin cebong gk pk ngomong,1,1,0,1,0,0,0,0,1,0,1,0,1,cebong
dulatips hahaha herannya  cebong  seneng banget agung in junjungannya plonga plongo  xf x f xa x,1,1,0,1,0,0,0,0,1,0,1,0,1,cebong
cebong mana ngerti katawarganet,1,1,0,1,0,0,0,0,1,0,1,0,1,cebong
gak apa apa disebut cebong  jangan sebut orang   sebutan kafir  kafir tak  jadi pemimpin kafir tak  dijadikan teman kafir  dimusuhi   n nbegitu tad,1,1,0,1,1,0,0,0,0,0,1,0,5,cebong kafir kafir kafir kafir
efek tgb kayaknya bnyk temen bicaranya mendadak udah kek cebong  n ogahjadicebong,1,1,1,0,0,0,0,0,1,1,0,0,1,cebong
katanya pintar gw tanya gugat nya gimana malah ngataian cebong ngeles kayak bajaj aza loe kata menguggat  gampang hahahaha,1,1,1,0,0,0,0,0,1,1,0,0,1,cebong
cebong takut anies  mnyapu habis got slruh indonesia hingga cebong gak  hidup ,1,1,0,1,0,0,0,0,1,0,1,0,2,cebong cebong
cebong dungu   aturan   larangan tulisan berita,1,1,0,1,0,0,0,0,1,0,1,0,2,cebong dungu
rt akun kecebong   kebanyakan dikelola etnis tertentu gaya pengecut cebong jakarta  dendam dgn anies sandi,1,1,1,0,0,0,0,0,1,1,0,0,1,cebong
kalau  masuk lingkaran mlm sulit lepas upline jadi komisaris downline rugi keahlian cebong  tukang tipu cebong mah gitu goblok  ketulungan plonga plongo mengakibatkan optimisme berlebihan gantipresiden pl,1,1,0,1,0,0,0,0,1,0,1,0,3,cebong cebong goblok
cebong mah  otakny ngeres mulu hny seputaran coli,1,1,0,1,0,0,0,0,1,0,1,0,1,cebong
iya aman  mayoritas rakyatnya  umat islam hatinya sering bapak sakiti sukses mengendalikan diri sukses menjaga emosinya  kepentingan persatuan bangsa lah bapak sendiri  presiden malah memelihara cebong ,1,1,1,0,0,0,0,0,1,1,0,0,1,cebong
iih cebong cebong gagal paham kali kau ga salah kalau udah kena virus cebong jadi dungu hahahaha ga  trima kenyataan yah kasihan deh lo,1,1,0,1,0,0,0,0,1,0,1,0,4,cebong cebong cebong dungu
hihihi cebong rasa kampret tu gue kira cuma  dlm dongeng nrupanya xf x f x x,1,1,0,1,0,0,0,0,1,0,1,0,2,cebong kampret
modal cebong cuma copas bukti kapasitas otak minimalis xf x f x x xf x f x x xf x f x x,1,1,1,0,0,0,0,0,1,1,0,0,1,cebong
si rosa  kok mukanya tugu peringatan   batu nissan gentle dong  apa  kaum cebong,1,1,1,0,0,0,1,0,0,1,0,0,1,cebong
isnus baru netes  telor kodok sejak si said agil jd kolektor cebong bang ndan  cm idup dr sari comberan hasil buangan makanya  sll koar ttg isnus xf x f x x xf x f x x,1,1,0,1,1,0,0,0,0,0,1,0,1,cebong
jokowi  segera  lengserkan   ganti  ahmad heryawan cebong jgn nyolot   beri contoh lo,1,1,1,0,0,0,0,0,1,0,0,1,1,cebong
iya semua mulai  ta  disebarin ahog makanya cebong macam lo makin subur xf x f x x c,1,1,1,0,0,0,0,0,1,1,0,0,1,cebong
rt hahaha antek komunis kelojotan menjelang sept kecebong  anak pki,1,1,0,1,0,1,0,0,0,0,1,0,2,antek komunis
cebong mana ngerti wkwkw,1,1,0,1,0,0,0,0,1,0,1,0,1,cebong
bu guru cebong ternyata gitu,1,1,1,0,0,0,0,0,1,1,0,0,1,cebong
biasa prof rombongan cebong iq dangkal asal nguap aja,1,1,0,1,0,0,0,0,1,0,1,0,1,cebong
udah gapaham lagideh sama otak cebong xf x f x xad,1,1,0,1,0,0,0,0,1,0,1,0,1,cebong
mana aku tahu aku kan cebong,0,1,0,0,0,0,0,0,0,0,0,0,1,cebong
cebong boros bacot hemat pake otak,1,1,1,0,0,0,0,0,1,1,0,0,2,cebong bacot
tiada pangkat paling mulia  dunia   pangkat seorang ibu sehebat apapun manusia  terlahir  seorang ibu keahlian cebong  tukang tipu plonga plongo mengakibatkan optimisme berlebihan gantipresiden plongaplo,1,1,0,1,0,0,0,0,1,0,1,0,1,cebong
nah kan bacotnya cebong kok sama semua  xf x f x x xf x f x x nmirip pki xf x f x x xf x f x x,1,1,0,1,0,0,0,0,1,0,1,0,1,cebong
ulah cebong kafir keparat ,1,1,0,1,1,0,0,0,0,0,1,0,3,cebong kafir keparat
wah   keberatan disebut cebong yah,1,1,1,0,0,0,0,0,1,1,0,0,1,cebong
istilah cebong  kampret kurang berbau arab pakailah istilah onta dungu  keledai liar,1,1,0,1,0,0,0,0,1,0,1,0,4,cebong kampret onta dungu
 akun ketepu jutaan ntp biarlah  akun kapir cebong xf x f x x,1,1,1,0,0,0,0,0,1,1,0,0,1,cebong
cebong mah percaya wae  boongin meme xf x f x x xf x f x x xf x f x x,1,1,0,1,0,0,0,0,1,0,1,0,1,cebong
woe cebong loe  dasar komunis atheis silipis autis salibis,1,1,0,1,0,0,1,0,0,0,1,0,3,cebong komunis autis
 cebong  terdiam taunya apple to apple doang istilah  bikin katanya keliatan pinter  minim kognitif,1,1,1,0,0,0,0,0,1,1,0,0,1,cebong
cebong mana terima dibilang rezim amatiran nklo gak amatir mana bukti  rezim profesional utang negara janji kampanye mana buktinya kemakmuran rakyat subsidi dicabuti rezim kayak gini lu mau bilang profesional,1,1,1,0,0,0,0,0,1,1,0,0,4,cebong rezim rezim rezim
penting gronbrekeng gunting pita manajemen proyek tahap nya lewatin aj lah keahlian cebong  tukang tipu cebong mah gitu goblok  ketulungan plonga plongo mengakibatkan optimisme berlebihan gantipresiden plo,1,1,0,1,0,0,0,0,1,0,1,0,3,cebong cebong goblok
iman cebong penjilat gk kaget,1,1,1,0,0,0,0,0,1,1,0,0,1,cebong
istilah kecebong kampret diharapkan hilang  jagat dunia maya istilah kofar kafir sesat menyesatkan bgmn a edisingadukaaa,1,1,0,1,0,0,0,0,1,0,1,0,2,kampret kafir
hahahaha makin ketauan ni cebong mau sembunyi  balik kebegoannya xf x f x x d xf x f x x d,1,1,1,0,0,0,0,0,1,1,0,0,1,cebong
bwahahhahaha gw demen klo dah liat cebong ngamuk xf x f x x xf x f x x xf x f x x khas cebong banget kalah debat ngamuk ngamuk cung kacung xf x f x x d n gantipresidenkacung,1,1,0,1,0,0,0,0,1,0,1,0,2,cebong cebong
milih cebong liberal tengik sekularisme  segelintir antek,1,1,0,1,0,1,0,0,0,0,1,0,2,cebong antek
 pak lulung masuk golongan cebong apa kampret nkok lebih dominan melekat ciri kampret apa  pertanda pak,1,1,1,0,0,0,0,0,1,1,0,0,3,cebong kampret kampret
wakakaka cebong ngibul ngikut gaya ngibul junjungannya,1,1,1,0,0,0,0,0,1,1,0,0,1,cebong
gubernur ahoax  bangga in cebong kelas jamban mana  bangga in ahoker sama jokower nih liat gubernur indonesia cerdasnya,1,1,0,1,0,0,0,0,1,0,1,0,2,cebong jamban
presiden kok cengeng kata kecoak cebong mana ngartii,1,1,1,0,0,0,0,0,1,1,0,0,1,cebong
utang trilyun   kampret hidupnya melarat ikut makan kalo cebong udah happy hidupnya gak perlu akting sengsara gitu,1,1,0,1,0,0,0,0,1,0,1,0,2,kampret cebong
 cebong dungu korban php xf x f x x xf x f x x xf x f x x,1,1,1,0,0,0,0,0,1,1,0,0,2,cebong dungu
cebong mana ngerti,1,1,0,1,0,0,0,0,1,0,1,0,1,cebong
apa hubungannya dgn munafik kalian kitabnya dihina laporkan  kepolisian waspadai cebong kafir ngaku ngaku islam,1,1,0,1,1,0,0,0,0,0,1,0,3,munafik cebong kafir
topik pembicaraan cebong  bani hoax  loncat xc xb  n ndari prestasi babihok apa gak dijawab malah  tanah abang ta dikasih contoh ta baik malah minta xc xb buruknya,1,1,0,1,0,0,0,0,1,0,1,0,2,cebong bani
maunya indonesia  singapura kasih cina berkuasa dasar cebong otak reklamasi brekekekekek url,1,1,0,1,0,0,0,0,1,0,1,0,1,cebong
emang cebong kalau gak fitnah gak makan kenyang  kalau gak curang  gak menang,1,1,0,1,0,0,0,0,1,0,1,0,1,cebong
udah jadi rahasia umum bong nkoruptor nrampok npelaku maksiat npelaku bisnis maksiat nkaum lgbt npenjilat ndukun sesat ndukun cabul nbla bla bla ntergabung dlm bani cebong,1,1,0,1,0,0,0,1,0,0,1,0,4,bong lgbt bani cebong
cebong selalu ngk move on masuk aja kemako brimob ,1,1,1,0,0,0,0,0,1,1,0,0,1,cebong
 mulai ngatain cebong  kaum codot playing victim much,1,1,0,1,0,0,0,0,1,0,1,0,1,cebong
sebenernya cebong eh berudu  ter fait accompli anies nyapres  tetap gubernur hidup mrk tetap ga tenang nikmat bgt gw dah klo lg begini buat mainin cebong,1,1,0,1,0,0,0,0,1,0,1,0,2,cebong cebong
 cebong kelojotan  takjil gantipresiden nkalo kalian waras buatlah takjil  sama bukannya ngamuk ngamuk ngga karuan ngiliran presiden  hina kalian mingkem n gantipresiden n gantipresidenkacung,1,1,0,1,0,0,0,0,1,0,1,0,2,cebong hina
cebong kurang kopi eta mah xf x f x x nharga harga naik ngakunya   beli padahal mah ngutang xf x f x x,1,1,0,1,0,0,0,0,1,0,1,0,1,cebong
kata cebong nah telur naik cuma an aja berisik dasar kampret miskin xf x f x x f xf x f x x f xf x f x x f,1,1,0,1,0,0,0,0,1,0,1,0,2,cebong kampret
cebong kampretos bilang penting infrastruktur jalan truz g apa  mahal  naik xf x f x xb xf x f x x xf x f x a xbd,1,1,1,0,0,0,0,0,1,1,0,0,1,cebong
gembok akun aja udah gak usah tebar data berkali kali main data lo gak  jawab data gembok akun xf x f x x nsehari kali gembok akun npayah cebong cupu,1,1,1,0,0,0,0,0,1,1,0,0,2,cebong cupu
ternyata katanya katanya hafizh gak tau bener apa   jadi cebong ,1,1,1,0,0,0,0,0,1,1,0,0,1,cebong
berarti gk sala cebong pintar nna klo si kampreet gimna ndari dulu gk maju cuma otak udang  pake gede badan doank wajarla klo petinggi kampret pinda haluan,1,1,0,1,0,0,0,0,1,0,1,0,2,cebong kampret
jgn salah  janji jokowi  tuntut lu ajh gx paham cebong,1,1,1,0,0,0,0,0,1,1,0,0,1,cebong
berarti beneran cebong dong yak wkwkwkakak dasar iq sekolem,1,1,1,0,0,0,0,0,1,1,0,0,1,cebong
nasib cebong baik  krn semua  mimpi buat org otak berak kaya lu,1,1,1,0,0,0,0,0,1,1,0,0,2,cebong berak
dasar cebong hih n xf x f x xab xf x f x xa,0,1,0,0,0,0,0,0,0,0,0,0,1,cebong
gak cucok   langit  bumi kampret cebong  lebih adem cebong,1,1,0,1,0,0,0,0,1,0,1,0,3,kampret cebong cebong
bro lu pikir asing sama aseng kasih hutang gak  maksud terselubung gk  makan siang gratis asal lu tau cebong macam lu bakal musnah klo gk  kasih makan faham lu lae,1,1,1,0,0,0,0,0,1,1,0,0,2,asing cebong
heran gw mah orang berhijrah pake jilbab   dinyinyirin  gak cocok lah aura gak keluar lah gak cantik lah mon maap lu kira pake jilbab kontes kecantikan pake ngomong aura gak keluar segala hhhh cebong mana ngerti,1,1,1,0,0,0,0,0,1,1,0,0,1,cebong
 trs knp kok jdi lo ngatur instastory rangorang bawel  jadi cebong xf x f x x xf x f x x xf x f x x,1,1,1,0,0,0,0,0,1,1,0,0,1,cebong
salah cuma kaum cebong lah situ kaum cebong bukan,1,1,1,0,0,0,0,0,1,1,0,0,2,cebong cebong
cebong sana sini cari simpatisan  popularitas,1,1,0,1,0,0,0,0,1,0,1,0,1,cebong
strategi kotor pks ncebong manapun udh apal njing,1,0,0,1,0,0,0,0,1,0,1,0,0,
ekspor cebong ajalah,0,1,0,0,0,0,0,0,0,0,0,0,1,cebong
 cebong kanan tetap ngotot cawapres  pak prabowo   kalangan  kek cebong kiri,1,1,0,1,0,0,0,0,1,0,1,0,2,cebong cebong
udah  cukup aku meladeni kamu silahkan ngobrol dng sesama kampret maaf lho  cebong  sbnrnya org sibuk perlu meluangkan waktu utk interaksi dng kampret pengangguran spt elo,1,1,1,0,0,0,0,0,1,1,0,0,3,kampret cebong kampret
cebong pemuja ahok  meratap  thread  xf x f x x xf x f x x xf x f x x,1,1,0,1,0,0,0,0,1,0,1,0,1,cebong
iya betul gubernur sebelumnya kan cuman  cari sensasi  bikin cebong girang  ngomong tai anjing nenek dibentak bentak,0,1,0,0,0,0,0,0,0,0,0,0,3,cebong tai anjing
 rasa kalo beliau bebas jadi bahan gorengan buat sahabatnya taulah kaum cebong kerjaannya gimana,1,1,0,1,0,0,0,0,1,0,1,0,1,cebong
hahahahaha cacing tanah msh bs lebih bermnfaat bgi masyarakat  sampah superrr busukk justru jd wabah penyakit cebong emng superrr blunder klo dlm berpikir xf x f x x x,1,1,1,0,0,0,0,0,1,1,0,0,2,sampah cebong
kyak dah lahir aja ngomong soeharto l keahlian cebong  tukang tipu cebong mah gitu goblok  ketulungan plonga plongo mengakibatkan optimisme berlebihan gantipresiden plongaplongo dunn,1,1,0,1,0,0,0,0,1,0,1,0,3,cebong cebong goblok
hahahha klo kampret  mengatasnamakan umat sama ulama knp  klo cebong ga ,1,1,0,1,1,0,0,0,0,0,1,0,2,kampret cebong
cuma   gak  alasan  anus marwanto emang presiden skrng pinter wkwkwk dasar lu anus cebong dungu,1,1,1,0,0,0,0,0,1,1,0,0,2,cebong dungu
dasar cebong semua digoreng akui aja pemerintah gak becus mengelola ekonomi selesai jgn tagar gantipresiden dijadikan kambing hitam,1,1,1,0,0,0,0,0,1,1,0,0,1,cebong
namanya cebong kalo ga dungu bukan cebong namanya,1,1,1,0,0,0,0,0,1,1,0,0,3,cebong dungu cebong
guoplok baca beritanya dulu cebong terkutuk bukan asal melarang dongok jnhan  besarin,1,1,1,0,0,0,0,0,1,1,0,0,3,cebong terkutuk dongok
cebong baru netas disuruh nyerang  xf x f x x xf x f x x xf x f x x,1,1,1,0,0,0,0,0,1,1,0,0,1,cebong
kaum cebong senjata nya cuma hoax percuma ngasi data  fakta,1,1,0,1,0,0,0,0,1,0,1,0,1,cebong
cebong dungu gam bukan parpol,1,1,0,1,0,0,0,0,1,0,1,0,2,cebong dungu
dasar bego  duluan siapa stress nih cebong dungu,1,1,1,0,0,0,0,0,1,1,0,0,3,bego cebong dungu
wahai cebong  kampret indonesia kembalilah kalian menjadi manusia indonesia butuh manusia utuh  berbangsa  bernegara bukan mencebongkan  mengkampretkan manusia,1,1,0,1,0,0,0,0,1,0,1,0,2,cebong kampret
cebong dongo model ente  punya iq  kebanyakan berendem dikolam butek mana tahu soal masalah ibadah nwong  jelas syetan  satu mahluk pembangkang ciptaan tuhan  sif,1,1,1,0,0,0,0,0,1,1,0,0,1,cebong
cebong mana cebong cm melayu indonesia bodoh mau  bodohi cina ttg demokrasi,1,1,0,1,0,0,0,0,1,0,1,0,3,cebong cebong bodoh
prancis vs belgia  babak pertama  n nada sedikit persamaan dg bani cebong n napaan tuh n nbani cebong kacung otaknya  kosong n n n n worldcup n gantipresiden,1,1,0,1,0,0,0,0,1,0,1,0,3,bani cebong cebong
mana neh pasukan cebong,1,1,0,1,0,0,0,0,1,0,1,0,1,cebong
eh cebong dongok goblok importir aja jasa  jasa aja   negara importir maji bukan gak  negara pndptn  jasa  maju beda tolol,1,1,1,0,0,0,0,0,1,1,0,0,4,cebong dongok goblok tolol
gak mampu mengundang ulama kondang jadi dibiatlah ulama an utk membentuk opini masyarakat bhw ulama sdh satu suarang mendukung mukidi walaahh cara kuno sigunakan dasar cebong,1,1,1,0,0,0,0,0,1,1,0,0,1,cebong
tgb gak lebih baik dr moeldoko  prof mahfud bakalan banyak jadi cebong kampret ahoker kampret,1,1,0,1,0,0,0,0,1,0,1,0,3,cebong kampret kampret
mana cebong koar aku indonesia url,1,1,0,1,0,0,0,0,1,0,1,0,1,cebong
nyebut cebong auto reply dasar pinggiran koreng,1,1,1,0,0,0,0,0,1,1,0,0,2,cebong koreng
semua sabar  tenang  tunggu komando habibana habib rizieq  umat islam solid  bersatu jangan terkecoh diadu domba cebong   memenangkan keadilan  kemakmuran  presidenbaru mendatang  pilkada jakarta,1,1,0,1,0,0,0,0,1,0,1,0,1,cebong
masalahnya cebong lebih mengekspose menonjolkan  infrastruktur  peduli bayar utangnya,1,1,1,0,0,0,0,0,1,1,0,0,1,cebong
baru menang lari aja diberitain sana sini nlalu bagaimna dengn hafiz quran ngak heboh tuch ndasar media cebong,1,1,0,1,0,0,0,0,1,0,1,0,1,cebong
pokonya ganti p nok ntidak  ikut an cebong,1,1,0,1,0,0,0,0,1,0,1,0,1,cebong
cebong produsen hoax tukang bohong  ingkar janji,1,1,0,1,0,0,0,0,1,0,1,0,1,cebong
ulama cebong kan abu janda nooo sekrang udah  gerombolan baru yaa npaling alumni ama janda qkwjw,1,1,0,1,1,0,0,0,0,0,1,0,1,cebong
cebong kacung  gini bicara nya  pantas ,1,1,1,0,0,0,0,0,1,1,0,0,1,cebong
cebong emang suram dolar naik  mingkem tka berbondong masuk  mingkem  ributin ama bong cuma hrs ama pks xf x f xa xa,1,1,0,1,0,0,0,0,1,0,1,0,2,cebong bong
ayo siapa  mau berevolusi  bermutasi genetik jd cebong,0,1,0,0,0,0,0,0,0,0,0,0,1,cebong
ga aneh survey bawa nama kampus  kaya si luhut bawa itb buat dukung reklamasi cebong mah gitu heheheh,1,1,1,0,0,0,0,0,1,1,0,0,1,cebong
 isinya  cebong gk ngerti islam,1,1,0,1,0,0,0,0,1,0,1,0,1,cebong
rt  cebong gendheng ngamuk belain si homo penista agama hahaha,1,1,1,0,1,0,0,1,0,1,0,0,2,cebong homo
xf x f xa xa xf x f xa xa kira kira ekspresi pas kaget nya gimana  teriak ayam ayam apa cebong cebong cebong,0,1,0,0,0,0,0,0,0,0,0,0,3,cebong cebong cebong
cebong dongo tahun kate lw pekok nemang  kayak gitu fitnah aja lw gedein otak  upgrade dikit napa,1,1,1,0,0,0,0,0,1,1,0,0,1,cebong
cebong ngomong data xf x f x x xf x f x x xf x f x x,1,1,1,0,0,0,0,0,1,1,0,0,1,cebong
asek bohong aja lah kerja kelen bongggg cebong nkalo mati mgkin muncungnya duluan busuk,1,1,0,1,0,0,0,0,1,0,1,0,1,cebong
rt kata kata kecebong pki anti islam diktator   jokowi,1,0,0,1,1,0,0,0,0,0,1,0,0,
 permainan kotor rezim  bila mana tdk pro rezim  gempar seluruh indonesia cebong berisik,1,1,0,1,0,0,0,0,1,0,1,0,3,rezim rezim cebong
cebong dungu dah dijelaskan bca msh ngeyel nkalian emg juaranya klo soal pamer kedunguan,1,1,0,1,0,0,0,0,1,0,1,0,2,cebong dungu
buru hapus pollower elo cebong keburu orang lihat bejad elo xf x f x x xf x f x x xf x f x x xf x f x x,1,1,1,0,0,0,0,0,1,1,0,0,1,cebong
gembel sok elit lo ngewe  sari ayu halo mas ma kelas kambing  mainan gue tahun main tuh  hotel jayakarta tematik clasic malio x sumo sama sampingnya   udah  tutup alexis ah mainan cebong kelas kambing cc,1,1,1,0,0,0,0,1,0,1,0,0,3,gembel ngewe cebong
idiom cebong  kampret sengaja diembuskan oknum kafir  memecah belah umat islam indonesia,1,1,0,1,1,0,0,0,0,0,1,0,3,cebong kampret kafir
n ncebong pekok mantap om tofa  kerjain aja cebong dungu  xf x f x x d xf x f x x,1,1,0,1,0,0,0,0,1,0,1,0,2,cebong dungu
klo buat cebong biadab ga masalah sih hihihi,1,1,0,1,0,0,0,0,1,0,1,0,1,cebong
kayaknya si abu janda jadi eo acara deklarasi ulama muda  kemaren si faizal assegaf bertindak jadi eo nya dlm aksi aktivis palsunya besok lg mgkin   deklarasi lgbt deklarasi cebong dukung mukidi  pd kenyang,1,1,1,0,0,0,0,0,1,1,0,0,2,lgbt cebong
klo cebong kan ngarang kagak pake logika klo  kan fakta si jarot emang sial mulu xf x f x x,1,1,1,0,0,0,0,0,1,1,0,0,1,cebong
incumbent nyatain dong wapres nya siapa apa takut  backstab cakimin sama romi ngoahahah keahlian cebong  tukang tipu cebong mah gitu goblok  ketulungan plonga plongo mengakibatkan optimisme berlebihan,1,1,0,1,0,0,0,0,1,0,1,0,3,cebong cebong goblok
cebong mana punya otak  hina ulama    indonesia non muslim pd kurang ajar,1,1,0,1,1,0,0,0,0,0,1,0,2,cebong hina
 gak panggil cebong n ntapi curut cenong,1,1,1,0,0,0,0,0,1,1,0,0,1,cebong
mana gua menghina agama  hahah otak model cebong kapir emang ngeles mulu nyata lu  hina islam sok mau ngatain agama orang aja bawa data padahal otak gak nyampe  awal goblok lo cebong kapir kebanyakan makan taik ah,1,1,1,0,1,0,0,0,0,1,0,0,4,cebong hina goblok cebong
lebih sadis postingan victor bodoh jasmev  kecebong istana jongos cina menjamur  kepolisian,1,1,0,1,0,1,0,0,0,0,1,0,1,bodoh
cebong g sunat semuanya nih p ustad jng dilayan p ustad,1,1,0,1,0,0,0,0,1,0,1,0,1,cebong
hoax bani cebong,1,1,0,1,0,0,0,0,1,0,1,0,2,bani cebong
kan udah biasa nkecuali kl dr kontra jokowi jgnkan baliho membunuh nkentutnya aja kl kecium amp nyenggol idung cebong bs piral sebulan penuh xf x f x x xf x f x x xf x f x x,1,1,1,0,0,0,0,0,1,1,0,0,1,cebong
cebong gak mikir  segitu buat bikin jalan sdh brp km tuh n nhabis buat jadi satpam rupiah,1,1,0,1,0,0,0,0,1,0,1,0,1,cebong
 bem si  itb   suaranya jangan ikut razim cebong,1,1,0,1,0,0,0,0,1,0,1,0,1,cebong
belaga pilon lo cebong xf x f x x nscroll dong nhp lo doang smart  otak lo   ujung pantat xf x f x x c,1,1,1,0,0,0,0,0,1,1,0,0,2,cebong pantat
gunanya cebong cuma  mangap xc xb  kolam butek xf x f x x xf x f x x xf x f x x xf x f x x,1,1,1,0,0,0,0,0,1,1,0,0,1,cebong
emang kebanyakan bangsa cebong goblok  setuju,1,1,0,1,0,0,0,0,1,0,1,0,2,cebong goblok
memang  cebong klo ngomong sperti  jauh dr ilmu  wawasan krn memang rata xc xb org bodoh mudah  dibodoh xc xb i jadi cuma caci maki ngomong ngelidur  ilmu,1,1,0,1,0,0,0,0,1,0,1,0,2,cebong bodoh
 sp kok dibilang salah cebong kayak elu gak ngerti sp  goblok kok gak  akhirnya,1,1,1,0,0,0,0,0,1,1,0,0,2,cebong goblok
cebong kayak loe tetap aja dongo abadi gampang dikibulin,1,1,1,0,0,0,0,0,1,1,0,0,1,cebong
 cebong baru menetas hari mana  tahu pak rr,1,1,1,0,0,0,0,0,1,1,0,0,1,cebong
alternatif nklw gak kaya  jadi dungu kyk cebong xf x f x x xf x f x x xf x f x x xf x f x x,1,1,1,0,0,0,0,0,1,1,0,0,2,dungu cebong
penguasa   memiliki semuanya   mengontrol lewat aparat alat  keparat cebong dungu,1,1,0,1,0,0,0,0,1,0,1,0,3,keparat cebong dungu
 bukan bani cebong  bani serbet masnya ngajak ribut,1,1,1,0,0,0,0,0,1,1,0,0,4,bani cebong bani serbet
huahahaha   langsung mengakui yah beliau memang pinokio  mau milih  jadi presiden kalau iya berarti  cebong dungu,1,1,1,0,0,0,0,0,1,1,0,0,2,cebong dungu
cebong lo benerin cd aja kon  xf x f x x xf x f x x xf x f x x,1,1,1,0,0,0,0,0,1,1,0,0,1,cebong
cebong juara satu lari  kenyataan kepintaran  akal sehat,1,1,0,1,0,0,0,0,1,0,1,0,1,cebong
bangsat kapindiang taik bego tolol setanalas ndasmu babi anjing monyet pekok cebong kodok katak   hilangkan kosa kata   otak  sepakat,1,1,1,0,0,0,0,0,1,1,0,0,7,bangsat bego tolol babi anjing monyet cebong
cie cie bani cebong pura pura gag dibayar cie cie dasar cebong disodorin tulang aja cepat  uang wkwkw,1,1,0,1,0,0,0,0,1,0,1,0,3,bani cebong cebong
bani kampret hewan  kotor  kecebong hewan  habitatnya  sawah,1,1,0,1,0,0,0,0,1,0,1,0,2,bani kampret
minggat gua  line cebong barbar isinya,1,1,0,1,0,0,0,0,1,0,1,0,1,cebong
jkw jkt vs hambalang akhir kisah  sinetron cebong kampret pernah prediksinggrisjuarapd,1,1,0,1,0,0,0,0,1,0,1,0,2,cebong kampret
kayak komunis aja ga menghargai jasat manusia cebong komunis,1,1,0,1,0,1,0,0,0,0,1,0,3,komunis cebong komunis
fakta bapak prabowo cebong tdk mau akui prabowo ketua partai dilan petugas partai prabowo seorang militer dilan tukag kayu prabowo gagah  tampan dilan gak tega nulisnya prabowo pandai bahasa inggris  jerman dilan ,1,1,1,0,0,0,0,0,1,1,0,0,1,cebong
cebong kapir munafik alay goblok hahahaha,1,1,1,0,0,0,0,0,1,1,0,0,4,cebong munafik alay goblok
cebong banyak emosi xf x f x x xf x f xa xa xf x f x x xf x f x x,1,1,0,1,0,0,0,0,1,0,1,0,1,cebong
bikin pertanyaan frame cebong banget,1,1,1,0,0,0,0,0,1,1,0,0,1,cebong
otak cebong  susah y emang baliho jokowi  mana  bukan kampanye  sembako pake apbn  gmn kamu  waras,1,1,1,0,0,0,0,0,1,1,0,0,1,cebong
hahahaha mana gue ngatain agama  islam hayoo hahaha debat lo model gitu idih gak level masa debat gara salah tangkep kalimat kan bikin malu malu dong sama cebong  islam agamanya lo hina hahahaha sungguh kaum cebong ka,1,1,1,0,1,0,0,0,0,1,0,0,3,cebong hina cebong
malu daah ni gua tiap hari mikirin jokowi mikirin cebong kampret   idup gua  gini aja  tetangga cuek  orang jarang nyapa  cuma ngtweet doang udh ngerasa paling tau ttg negara duh ajig,1,1,1,0,0,0,0,0,1,1,0,0,2,cebong kampret
kalo cebong sih  senang aja sama omongan ga berbobot kayaa gini,1,1,0,1,0,0,0,0,1,0,1,0,1,cebong
hrs   tempat jauh   cebong   kalutnya  kalo  deket  sini,0,1,0,0,0,0,0,0,0,0,0,0,1,cebong
hijrahlah sblm terlambat nsaya yakin semua  menjadi cebong,1,1,0,1,0,0,0,0,1,0,1,0,1,cebong
kitab kalian merasa  hina laporkan   polisi kok jadi  munafik hubungannya waspadai cebong kafir ngaku ngaku islam,1,1,0,1,1,0,0,0,0,0,1,0,4,hina munafik cebong kafir
cebong norak memang,1,1,0,1,0,0,0,0,1,0,1,0,1,cebong
mantap kemajuan luar binasa nsalam cebong mania,0,1,0,0,0,0,0,0,0,0,0,0,1,cebong
cebong dongo notak jongkok,1,1,1,0,0,0,0,0,1,1,0,0,1,cebong
njing loe komen ngapain loe mention cebong budug cemen loe njing xf x f x x xf x f x x xf x f x x,1,1,1,0,0,0,0,0,1,1,0,0,1,cebong
ciri khas cebong melekat kalah data fakta langsung otak porno nga keluar gantipresiden presidenbaru asalbukanjokowi,1,1,1,0,0,0,0,1,0,1,0,0,2,cebong porno
korelasi sama hindu budha lebih dulu masuk  nusantara apa  maaf  kurang paham  alur otak kaum cebong,1,1,0,1,0,0,0,0,1,0,1,0,1,cebong
primata ngga tau diri eh embrio cebong elo ma keluarga lo kalo  surat nya lengkap gw bayarin eh tolol hidup  jngan cuma mikirin diri sendiri liat  goblog dungu,1,1,1,0,0,0,0,0,1,1,0,0,3,cebong tolol dungu
cebong emang tolol klimaks dgn berita hoax,1,1,0,1,0,0,0,0,1,0,1,0,2,cebong tolol
horeeee salah satu cebong   paman sam apa kabar om,1,1,1,0,0,0,0,0,1,1,0,0,1,cebong
bacot apa sih luh cebong bangsad,1,1,1,0,0,0,0,0,1,1,0,0,2,bacot cebong
intinya pks mesti salah nwalau benerpun  salah nitu otak cebong nmakanya  ttp gantipresiden,1,1,0,1,0,0,0,0,1,0,1,0,1,cebong
president cebong jokowi,1,1,1,0,0,0,0,0,1,1,0,0,1,cebong
pilih cebong otak iq sekolam,1,1,1,0,0,0,0,0,1,1,0,0,1,cebong
  gimana  nyimpulin kedunguan  bingung aku kok  y makhluk kayak cebong  urat malu g  otak mampet dungu g ketulungan jadi kasian sama keturunannya,1,1,1,0,0,0,0,0,1,1,0,0,2,cebong dungu
dungu  lio evakuasi korban gak becus nyalahin orang  logikanya cebong goblok kok bangga,1,1,1,0,0,0,0,0,1,1,0,0,3,dungu cebong goblok
woiii goblog kalo produk kafir anjing macam lu gak  dipake muslim ngapain dipromosikan  negara muslim tolol nih orang kebanyakan nelen sperma cebong lu  muka tampang copet banyak bacot lu amplas dulu gih muka pake parutan biar gante,1,1,1,0,1,0,1,0,0,1,0,0,5,kafir anjing tolol cebong bacot
 loo cebong ,1,1,1,0,0,0,0,0,1,1,0,0,1,cebong
 cebong dungu marah marah biasa ajaran nabi nya rendah hati dgn agama dgn umat paulus  rajin ngaji kitab kuning,1,1,0,1,1,0,0,0,0,0,1,0,2,cebong dungu
kecebong   presiden dihina  diancam diem aja n natau  bermental kacung semua,1,0,0,1,0,0,0,0,1,0,1,0,0,
ah cebong mah cuma  gitu jawabnya,1,1,0,1,0,0,0,0,1,0,1,0,1,cebong
 milih  cebong   pemghuni dunia gaib tadz biasa kalo komen jorok,1,1,0,1,0,0,0,0,1,0,1,0,1,cebong
keren  mas   survei bo  merangkap kordinator cebong yah xf x f x x xf x f x x ntl nya bnyk dukungan dr bani cebong nmantrraaaf xf x f x x a xf x f x x a,1,1,1,0,0,0,0,0,1,1,0,0,3,cebong bani cebong
cebong emang goblok semua iq rendah xf x f x x e,1,1,0,1,0,0,0,0,1,0,1,0,2,cebong goblok
bala bantuan cebong dateng xf x f x x xf x f x x,0,1,0,0,0,0,0,0,0,0,0,0,1,cebong
hutang  pembagunan merata bukan  dikorupsi ncebong mana ngerti begituan  mpret,1,0,0,1,0,0,0,0,1,0,1,0,0,
wajarlah cebong tambah gila akibat bela si kodok buat indonesia ancur lebur,1,1,0,1,0,0,1,0,0,0,1,0,2,cebong gila
wkwkwkwk cebong dungu awal ngomong cebong onta cangkemmu dewek xf x f xa xa,1,1,1,0,0,0,0,0,1,1,0,0,4,cebong dungu cebong onta
cebong kalau ketahuan tololnya gini lari dr kenyataan xf x f xa xa,1,1,1,0,0,0,0,0,1,1,0,0,1,cebong
namanya jg kecebong anaknya kodok skrg bapak nya jg presiden hadekh presiden planga plongo,1,0,0,1,0,0,0,0,1,0,1,0,0,
memang salah satu turunan nya  cebong kampret definisinya komplotan penyebar hoax koar koar  mencret,1,1,0,1,0,0,0,0,1,0,1,0,2,cebong kampret
bertahun  katain cebong jokodok pki kafir dongo santai aja tuh knp musti panik  si doi  panggil kampret xf x f x x xf x f x x,1,1,1,0,0,0,0,0,1,1,0,0,3,cebong kafir kampret
milih cebong kyai cebong seprt abu janda al kampret,1,1,1,0,1,0,0,0,0,1,0,0,3,cebong cebong kampret
jgn diladenin  tu  seekor cebong kelayaban  tujuan,1,1,1,0,0,0,0,0,1,1,0,0,1,cebong
rt manggilnya jgn pelan mbak cebong budek smua xf x f x x xf x f x x xf x f x x,1,1,0,1,0,0,1,0,0,0,1,0,2,cebong budek
pendukung napi ahok  jokowi   punya akal  bukan pks kasihan sekali umat cebong,1,1,0,1,0,0,0,0,1,0,1,0,1,cebong
ternyate nyang nulis twit ne cebong kelas kakap folower ribu  sayang bloon dongo sialan haram jadah men fitneh dasar bangsat xf x f x x e,1,1,1,0,0,0,0,0,1,1,0,0,2,cebong bangsat
cebong xe x xad tolol tak bertepi,1,1,1,0,0,0,0,0,1,1,0,0,2,cebong tolol
ngoahahaha kliatan klo blum lair keahlian cebong  tukang tipu cebong mah gitu goblok  ketulungan plonga plongo mengakibatkan optimisme berlebihan gantipresiden plongaplongo dunning,1,1,0,1,0,0,0,0,1,0,1,0,3,cebong cebong goblok
survey  hahaahhaha nrespondennya cebong kodok kamfret x yaa,1,1,0,1,0,0,0,0,1,0,1,0,1,cebong
jangan gaduh lahh  kau panggil cebong udah gak butuh manusia munafikun,1,1,0,1,0,0,0,0,1,0,1,0,1,cebong
xf x f x x xf x f x x xf x f x x xf x f x x cukup sekali ditipu pilpres buzzer cebong memang  dosa klo nipu,1,1,1,0,0,0,0,0,1,1,0,0,1,cebong
cebong dgn standar kedunguannya tdk diragukan   diakui  terbukti koq malah bilangin org bego hadeuh,1,1,1,0,0,0,0,0,1,1,0,0,2,cebong bego
slamet ndesomu nangdi met cedak unahe junjunganmu yak e kuclukk cebong cepek luuh,1,1,1,0,0,0,0,0,1,1,0,0,1,cebong
terbukti memang biarpun kalian menyebut  cebong tpi otak  pinter kerja kerja kerja gak kaya kamprettt banyak cocot bnyk mulut tpi otak gak dipakai sya scren shot smua percakapan u  buktikan s,1,1,0,1,0,0,0,0,1,0,1,0,2,cebong cocot
cebong  sampah masyarakat,1,1,0,1,0,0,0,0,1,0,1,0,2,cebong sampah
cebong ga punya otak  perasaan sama korban taunya cuma nyinyir,1,1,0,1,0,0,0,0,1,0,1,0,1,cebong
tak  persatuan   pki silahkan rekonsiliasi  cebong  dungu sekolam,1,1,0,1,0,0,0,0,1,0,1,0,2,cebong dungu
eh cebong jaga tuh congor lu klo ngomong emangnya salahnya dmna bong presidenbaru n presidenbaru n gantipresiden n gantipresiden n gantipresiden,1,1,1,0,0,0,0,0,1,1,0,0,3,cebong congor bong
gw berangkat menjadi remaja bersama lagu loe nkok sekarang elo malah jadi cebong dungu apa  elo udah kenyang jadi tulalit,1,1,1,0,0,0,0,0,1,1,0,0,2,cebong dungu
ngga ah punyanya kampret bukan cebong,1,1,0,1,0,0,0,0,1,0,1,0,2,kampret cebong
xf x f x x xf x f x x xf x f x x rezim cebong gak mau lihat realita rakyat,1,1,1,0,0,0,0,0,1,1,0,0,2,rezim cebong
  cebong   buta  tuli  semua kenyataan menimpa negeri    selalu membela rezim  nmereka terlalu gampang didoktrin  pidato xc xb  data xc xb indehoi  pemerintah,1,1,0,1,0,0,1,0,0,0,1,0,3,cebong buta rezim
cebong baru jadi yaaa xf x f x x xf x f x x xf x f x x nbau amiss,1,1,1,0,0,0,0,0,1,1,0,0,1,cebong
gak hidup cebong klo gak produksi  makan hoaks,1,1,0,1,0,0,0,0,1,0,1,0,1,cebong
jawaban  cerdas cebong mana punya otak  menakar junjungan nya nya namanya generasi lahir lahir  got,1,1,0,1,0,0,0,0,1,0,1,0,1,cebong
cebong dongo xf x f x x xf x f x x xf x f x x,1,1,0,1,0,0,0,0,1,0,1,0,1,cebong
hobby ngebodohin org nmencerca ngedunguin org  nyebut org seenak jidat sndri kacung cebong ttp sok care dgn hak asasi manusia  ibaratnya jijik liat org  panuan smntra dirinya penuh dgn panu,1,1,1,0,0,0,0,0,1,1,0,0,2,cebong jijik
la trus  salahin siapa dodol wkwkwkwk kalo telur murah banyak beli kan sama untung  sdah mahal ga  beli  aja  belain dasar cebong terkutuk,1,1,1,0,0,0,0,0,1,1,0,0,2,cebong terkutuk
benar pembodohan maksa bgt pengen periode cebong  cebong,1,1,0,1,0,0,0,0,1,0,1,0,2,cebong cebong
cebong  isi kepalanya kan taik mana  cebong mikirnya waras,1,1,0,1,0,0,0,0,1,0,1,0,2,cebong cebong
 cebong ikut an gelas nya  gambar priode cebong xf x f x x xf x f x x xf x f x x,0,1,0,0,0,0,0,0,0,0,0,0,2,cebong cebong
ohhhhh kader moncong putih kan ciri khas cebong  serang  islamnya coba ngelakui tapir psti mingkem,1,1,0,1,0,0,0,0,1,0,1,0,1,cebong
  anak cebong n kampret  polos ga ikut an cebong n kampret tua xf x f x x xf x f x x xf x f x x xf x f x x xf x f x x d xf x f x x d n xe x x xe x x,1,1,1,0,0,0,0,0,1,1,0,0,4,cebong kampret cebong kampret
wkkkkkk dasar cebong,0,1,0,0,0,0,0,0,0,0,0,0,1,cebong
selamat berenang  kolam cebong,1,1,1,0,0,0,0,0,1,1,0,0,1,cebong
ko cebong g ade  cerdas,1,1,0,1,0,0,0,0,1,0,1,0,1,cebong
kluarga cebong kuadrat cewek jil sesat satu  ls hoak,1,1,1,0,1,0,0,0,0,1,0,0,1,cebong
loe cebong dongo  wkwkwk,1,1,1,0,0,0,0,0,1,1,0,0,1,cebong
wuih cebong ngamuk nkeluar deh  kolam butek xf x f x x xf x f x x xf x f x x,1,1,1,0,0,0,0,0,1,1,0,0,1,cebong
gue muslim g tersinggung  ngelaporin nalarku mencerna fiksi  fiktif lagian kitab suci  banyak multi arti tdk indentik jelas disana  menyebutkan al quran cuma cebong  mmg dungu menalar ucapan gantipreside,1,1,0,1,1,0,0,0,0,0,1,0,2,cebong dungu
akun kecebong   kebanyakan dikelola etnis tertentu gaya pengecut cebong jakarta  dendam dgn anies sandi,1,1,0,1,0,0,0,0,1,0,1,0,1,cebong
ahh cebong mah gitu kalo  tanya,1,1,1,0,0,0,0,0,1,1,0,0,1,cebong
cebong baru netes ngapain dilayanin om,1,1,0,1,0,0,0,0,1,0,1,0,1,cebong
sesama cebong tdk akurrr,1,1,1,0,0,0,0,0,1,1,0,0,1,cebong
neng banjir rancaekek  tanggung jawab pemerintah pusat karna  jalan nasional banyak baca noh jangan kaya cebong diam dikolam aja giliran laper baru nongol,1,1,0,1,0,0,0,0,1,0,1,0,1,cebong
kau pernah  tolak sama kader pks  bro segitunya bacot lu nyinyir woles bro broken heart bkn berarti broken hope kan ntr tunggu gantipresiden baru lu bole patah hati massal barengan cebong sekolam,1,1,1,0,0,0,0,0,1,1,0,0,2,bacot cebong
mau menggembosi fpi ternyata kualitas kaum bloon nmemang cebong terlalu  terlaknat fitnahnya nsutradaranya kelas kotoran gembel,1,1,0,1,0,0,0,0,1,0,1,0,2,cebong gembel
rt cebong  terus membela junjungannya walaupun   pencitraan  tipuan dri rezim anti islam,1,1,0,1,1,0,0,0,0,0,1,0,2,cebong rezim
  jwb dl pertanyaan gw  temen gw bilang debat or ksh pengertian sm cebong kacung  percuma krn dungunya sm ketulang rusuk bener apa betul ,1,1,0,1,0,0,0,0,1,0,1,0,1,cebong
betoll tadz keahlian cebong  tukang tipu cebong mah gitu goblok  ketulungan plonga plongo mengakibatkan optimisme berlebihan gantipresiden plongaplongo dunningkrugereffect,1,1,0,1,0,0,0,0,1,0,1,0,3,cebong cebong goblok
cebong pke seragam biar ga ketahuan eh makin kelihatan dungunya,1,1,1,0,0,0,0,0,1,1,0,0,1,cebong
sombong   cebong,1,1,0,1,0,0,0,0,1,0,1,0,1,cebong
cebong mah gitu bang acut komentar nomor wahid literasi tak valid dungu,1,1,1,0,0,0,0,0,1,1,0,0,2,cebong dungu
hubahahaha goblok emang kecebong nlu ngetawain   tawain rekening lu bege xf x f x x,1,1,1,0,0,0,0,0,1,1,0,0,1,goblok
cebong doang tukang ngamuk,1,1,0,1,0,0,0,0,1,0,1,0,1,cebong
si mae mental wor nya keren  teel lama kelamaan minggat n nyungseb layani gw  cebong baru netes wkwkwkwk  modar mendadak xf x f x x d xf x f x x d xf x f x x d xf x f x x d,1,1,1,0,0,0,0,0,1,1,0,0,2,cebong modar
rt kalau cebong  memuji prestasi nya presiden jokowi nkalau kampret  nyinyir kalau perlu pakai bumbu fitn xe x xa,1,1,0,1,0,0,0,0,1,0,1,0,2,cebong kampret
anjirr cebong dungu belaga cool sok nasihatin pak,1,1,1,0,0,0,0,0,1,1,0,0,2,cebong dungu
dijabarkan sempurna  percuma cebong gag  otaknya,1,1,0,1,0,0,0,0,1,0,1,0,1,cebong
cebong kek loe tetap dongo abadi nasiiib nasib xf x f x x xf x f x x xf x f x x xf x f x x xf x f x x xf x f x x,1,1,1,0,0,0,0,0,1,1,0,0,1,cebong
cebong otak buntu jutaan rakyat indonesia aja lu  bingung nyari pengganti jokowi,1,1,1,0,0,0,0,0,1,1,0,0,1,cebong
ana wong gek membagi bagikan kata kata motivasi kok malah dikon antraksi gendeng hina kafir cebong mbelek lancung seko mentok sing gek angkrem aaghr n njolodong,1,1,0,1,0,0,0,0,1,0,1,0,3,hina kafir cebong
mungkin kamu smakin bodoh pancasila uud tap mpr no  final pki terlarang kecebong gak usah rayu rayu presiden utk buat perpu,1,1,1,0,0,0,0,0,1,1,0,0,1,bodoh
hahahaha terus ko pikir lo pinter gitu berak sekebon ngakak dah sok iya banget padahal goblok  awal kebanyakan makan taik ahok lu pake ngeles sana sini  dasar cebong kapir intoleran sara munafik goblok hahahaha,1,1,1,0,1,0,0,0,0,1,0,0,5,berak goblok cebong munafik goblok
semua instansi internasional   cebong  kaum radikal xf x f x x,1,1,0,1,0,0,0,0,1,0,1,0,1,cebong
ketua cebong kirain pinter gataunya cuma modal link kik kik kik padahal katanya s lowh,1,1,1,0,0,0,0,0,1,1,0,0,1,cebong
rakyat indonesia jutaan nyari pengganti jokowi kok bingung otak buntu ni cebong,1,1,1,0,0,0,0,0,1,1,0,0,1,cebong
mungut   tuh orang tampang cebong kok ngaku ulama muda,1,1,1,0,0,0,1,0,0,1,0,0,1,cebong
banyak nyerang wa  kira wa cebong,0,1,0,0,0,0,0,0,0,0,0,0,1,cebong
cebong kacung dungunya ampe  tulang rusuk,1,1,1,0,0,0,0,0,1,1,0,0,1,cebong
bani cebong jangan girang dulu,1,1,0,1,0,0,0,0,1,0,1,0,2,bani cebong
dasar cebong kalau diangkat malah mati,1,1,1,0,0,0,0,0,1,1,0,0,1,cebong
udah jaman pa anies   cebong  gini aja nmungkin akibat saham bir  hapus xf x f x x xf x f x x,1,1,0,1,0,0,0,0,1,0,1,0,1,cebong
emang  cebong  dungu url,1,1,0,1,0,0,0,0,1,0,1,0,2,cebong dungu
loh bangsa cebong bangga kok  dirinya  dibikinkan kaos  logo segala  paham kalu kampret  mana emang   mengaku  bangga disebut ,1,1,1,0,0,0,0,0,1,1,0,0,2,cebong kampret
duh disini  gak  berhenti mengucap cebong dongo  fakta bukti nya banyak xf x f x x,1,1,0,1,0,0,0,0,1,0,1,0,1,cebong
hadeh si cebong ga  empati empatinya nih sama temen,1,1,1,0,0,0,0,0,1,1,0,0,1,cebong
repost  jokower ahoker sapi onta curut khilafah kecoa asu kampret pentol korek bumi datar otak micin dibalas cebong  turunannya bong ebong kolam butek mewek ngadu ama emak cemen amp cengeng loe ah bong,1,1,0,1,0,0,0,0,1,0,1,0,5,onta kampret cebong bong bong
celengnya tereak cebong tolol padahal celeng lbh dungu nih buktinya n n  ganti presiden yuk nsetuju bang tp siapa gantinya ntolol  nanya  cari dulu koplak no gitu  bang n nnah klo kt roc,1,1,0,1,0,0,0,0,1,0,1,0,4,cebong tolol celeng dungu
  lah cyinta dukung presiden nya permadani ali sera gak mungkin cebong  cuma kampreters syantik xf x f x x b xf x f x x,1,1,0,1,0,0,0,0,1,0,1,0,1,cebong
hahahha ketauan main medsos tp dungu dasar kecebong,1,1,1,0,0,0,0,0,1,1,0,0,1,dungu
jual bumn migas  energi utk brli freeport kira cukup gak bang kalo kurang jualan cebong aja cebong indonesia pinter  lucu xf x f x x xf x f x x xf x f x x xf x f x x,1,1,0,1,0,0,0,0,1,0,1,0,2,cebong cebong
kalau cawapresnya hr baru gempar bani oposan penamaan baru  gan nggantiin cebong kampret critanya,1,1,0,1,0,0,0,0,1,0,1,0,3,bani cebong kampret
cebong dongokkkk,1,1,1,0,0,0,0,0,1,1,0,0,1,cebong
iya cebong  cina komunis cinta sama si jamban,1,1,1,0,0,1,0,0,0,1,0,0,3,cebong komunis jamban
cebong maennya gak pernah keluar dr kolam pak makanya gak tau udah jgn  tanggepin ntar cebong laen pd nongol dr dasar kolam buteknya,1,1,0,1,0,0,0,0,1,0,1,0,2,cebong cebong
cebong  bani bumi datar,1,1,0,1,0,0,0,0,1,0,1,0,2,cebong bani
karna cebong bukan ahli bully ahli bully  gerombolan kampret panik  skrg blm menemukan sosok pas pengganti jokowi nitu artinya jokowi wajib periode,1,1,0,1,0,0,0,0,1,0,1,0,2,cebong kampret
kampret nih si jimmy loe dapet duit  niru ulama ulama malah loe goblog in loe goblog bin bahlul mendingan loe copot tuh atribut palsu loe ganti seragam cebong loe bakalan mati sengsara  adzab sama allah aamiin n loe liat aje ,1,1,1,0,0,0,0,0,1,1,0,0,2,kampret cebong
mang  ktp  tulisan cebong mas ente butuh perhatian  kasih sayang sih,0,1,0,0,0,0,0,0,0,0,0,0,1,cebong
 sombongkan situ kampret cebong mah rendah hati  rajin mengaji xf x f x x d xf x f x x d xf x f x x d,1,1,1,0,0,0,0,0,1,1,0,0,2,kampret cebong
perut buncit  bukan  kebanyakan tidur cebong mana ngerti,1,1,1,0,0,0,0,0,1,1,0,0,1,cebong
cebonger mana nih junjungannya mau ditembak kok  tiarap apa   satu habitat makanya  bisu berjamaah,1,1,0,1,0,0,1,0,0,0,1,0,1,bisu
gerombolan cebong  ngumpet kayak  sembur air,1,1,0,1,0,0,0,0,1,0,1,0,1,cebong
kalo jilat si jokowi munafik baru  cebong   mingkem,1,1,1,0,0,0,0,0,1,1,0,0,2,munafik cebong
aku sih berharap  cebong  demo  melaporkan atas dugaan penistaan agama  biar dunia meliat gerombolan org dungu slama  bersembunyi didumay  diketiak penguasa surambray,1,1,0,1,0,0,0,0,1,0,1,0,2,cebong dungu
corong congor cebong nbiadab,1,1,0,1,0,0,0,0,1,0,1,0,2,congor cebong
cebong mana ngerti koplak koplak,1,1,0,1,0,0,0,0,1,0,1,0,1,cebong
xf x f x x xf x f x x xf x f x x dr kmrn sdh terbagak liat kebodohan km kok panas gmn sdh  blg klo berkata keadaan sendiri  pd org   ulang dungu btl cebong  xf x f x x xf x f x x xf x f x x xf x,1,1,1,0,0,0,0,0,1,1,0,0,2,dungu cebong
 suka pencitraan dulu laris sekarang   piala citra versi kecebong sekolam nartinya  pencari makan  hidup  hasil penjilatan  master kecebong ntidak peduli walaupun master cebong goblok sekolam,1,1,0,1,0,0,0,0,1,0,1,0,2,cebong goblok
gue rakyat indonesia sukarela memberantas cebong komunis,1,1,0,1,0,1,0,0,0,0,0,1,2,cebong komunis
psti g brni nongol krn udah kthuan belangnya klopun  psti kata cebong mrk kluarin krn mrk khbisan kata n g tau mau ngomong apa nsukses bt kpk,1,1,0,1,0,0,0,0,1,0,1,0,1,cebong
acting nya murahan jadi gg laku  pasaran cebong   dungu nya permanen hahahaa kebnyakan minum air kencing bagong tumpul tuh otak,1,1,1,0,0,0,0,0,1,1,0,0,2,cebong dungu
cebong  is kepalanya isi perutmya prof,1,1,0,1,0,0,0,0,1,0,1,0,1,cebong
 bukan golongan cebong  kaum kampret kayak dirimu xf x f x x xf x f x x xf x f x x,1,1,1,0,0,0,0,0,1,1,0,0,2,cebong kampret
bang bong bang bong lupa  udah hampir tahun presidenmu  kelompok cebong udah th nikmati kemajuan pembangunan cebong   keturunan onta wn jasirah sana,1,1,1,0,0,0,0,0,1,1,0,0,5,bong bong cebong cebong onta
dasar ulama cebong,1,1,1,0,0,0,0,0,1,1,0,0,1,cebong
cebong gk kan ngerti ginian notak cuma aksesoris  kepala nya n gantipresiden,1,1,0,1,0,0,0,0,1,0,1,0,1,cebong
kecebong bajingan,1,1,0,1,0,0,0,0,1,0,1,0,1,bajingan
 ngeles mulu bukanya lo cebong kapir haha otak gak nyampe salah nangkep kalimat ngata in islam kebanyakan ngeles nih cebong kapir intoleran sara munafik pemakan taik ahok peminum rendeman kolor oplos kencing onta hahaha,1,1,1,0,1,0,0,0,0,1,0,0,4,cebong cebong munafik onta
 bukan akun ketum andre lu cebong penyusup homo kampret,1,1,1,0,0,0,0,1,0,1,0,0,3,cebong homo kampret
hihihihi ciri khasnya cebong kacung klo udh dongok  gini neh xf x f x x xf x f x x,1,1,0,1,0,0,0,0,1,0,1,0,2,cebong dongok
semua daerah bukannya udh menyuarakan gantipresiden  kampung cebong  xf x f x x,1,1,0,1,0,0,0,0,1,0,1,0,1,cebong
kecebong banyak bacot utang numpuk  bolang bagus infrastruktur cuma  bilang selesai smua bandara   akui cebong lu kebangetan ,1,1,0,1,0,0,0,0,1,0,1,0,2,bacot cebong
catet satu cebong kader komunis indonesia,1,1,1,0,0,1,0,0,0,1,0,0,2,cebong komunis
cebong kalo liat duit pura budek  n menolaklupa liatbudek url,1,1,0,1,0,0,1,0,0,0,1,0,2,cebong budek
semoga besok jadi rb kg  bani cebong merasakan pahit nya  segera sadar,1,1,0,1,0,0,0,0,1,0,1,0,2,bani cebong
iya tp  islam mengusik tp namanya  cebong gak rese gak asik xf x f xa xaa xf x f xa xaa xf x f xa xaa,1,1,0,1,0,0,0,0,1,0,1,0,1,cebong
kalau merasa kitab kalian  nista laporkan apa hubungannya  demo waspadai cebong kafir ngaku ngaku islam,1,1,0,1,1,0,0,0,0,0,1,0,3,nista cebong kafir
pesan sy tangkap  cebong liberal anti islam  njangan gunakan islam  berpolitik pisahkanlah agama  politik n nitu strategi basi ala o,1,1,0,1,1,0,0,0,0,0,1,0,1,cebong
suara orang mati koq masi dipakai buat legitimasi dasar rezim cebong dungu,1,1,0,1,0,0,0,0,1,0,1,0,3,rezim cebong dungu
si cebong  kebanyakan makan tahi jokowi  baru sadar kl  jokowi  mengumumkan indonesia dirubah menjadi indochina,1,1,0,1,0,0,0,0,1,0,1,0,1,cebong
begitulah media yahudi antek dajjal penjilat klo ga menggoreng issu  kelaparan semangat trs bang jonru abaikan cebong sakit otak,1,1,0,1,1,0,0,0,0,0,1,0,2,antek cebong
ibu  wanita wanita   jadi ibu goblok keahlian cebong  tukang tipu cebong mah gitu goblok  ketulungan plonga plongo mengakibatkan optimisme berlebihan gantipresiden plongaplongo dun,1,1,0,1,0,0,0,0,1,0,1,0,4,goblok cebong cebong goblok
rt mas cebong  kolam istana   idup udh sekarat  pd mati iq sekolam cebong,1,1,1,0,0,0,0,0,1,1,0,0,2,cebong cebong
 upload medianya cebong  feeder cebong  komen cebong kapan loe jadi kodok klo loe cebong terus,1,1,0,1,0,0,0,0,1,0,1,0,4,cebong cebong cebong cebong
lah    awal gak  berargumen ngomongin kacung nyambung  cebong kan goblok n nente cari dulu arti kacung baru nyambung ,1,1,1,0,0,0,0,0,1,1,0,0,2,cebong goblok
ulama cebong wajah suram,1,1,1,0,0,0,1,0,0,1,0,0,1,cebong
mau nanya bang  lambang telor cebong bukan xf x f x xad xf x f x xad xf x f x xad,0,1,0,0,0,0,0,0,0,0,0,0,1,cebong
cebong tolol emang kayak lu cuman klontang klantung ngandalin nyebarin hoax  fitnah baru dpt nasi bungkus kalo tolol jgn diliatin dimuka umum malu maluin bong wkkw wk wk,1,1,1,0,0,0,0,0,1,1,0,0,4,cebong tolol tolol bong
bong cebong kapan kalian  pinter hadehhh,1,1,0,1,0,0,0,0,1,0,1,0,2,bong cebong
 lo emosi pe a dasar cebong xf x f x x,1,1,1,0,0,0,0,0,1,1,0,0,1,cebong
palsunya keliatan banget dasar cebong noraaa,1,1,1,0,0,0,0,0,1,1,0,0,1,cebong
mana suaranya cebong nkeluar kolam dunk dunk dunk xf x f x x xf x f x x xf x f x x,1,1,1,0,0,0,0,0,1,1,0,0,1,cebong
lo  sama kaya temen lo si johny kadut suka ngambil gambar buat nyinyir  tau   mana   xf x f x x ncebong kebiasaan kunyah hoax xf x f x x d,0,0,0,0,0,0,0,0,0,0,0,0,0,
mulut jamban bani taplak bani serbet cebongers taikers sumbu pendek iq jongkok   banyak   benar benar familier ditelinga n nlalu siapa sebenarnya  memulai n nentahlah  kalo  menghentikan istilah cebong  kampret,1,1,0,1,0,0,0,0,1,0,1,0,7,jamban bani taplak bani serbet cebong kampret
krn cebong tdk akn mengakui pria lajang  lulusan si sastra sbg profesor krn utk disebut profesor ank smp  tau hrs melalui strata pnddikan lg stlh si  jwb an knp cebong lbh cerdas  bani kamfret,1,1,0,1,0,0,0,0,1,0,1,0,3,cebong cebong bani
pantas   kecebong benci sama pak kivlan  pak prabowo,1,0,0,1,0,0,0,0,1,0,1,0,0,
 duanya bukan cebong,0,1,0,0,0,0,0,0,0,0,0,0,1,cebong
dasar mentri  cebong ganti presiden  ganti mentri agama sontoloyo munafikun,1,1,1,0,0,0,0,0,1,1,0,0,2,cebong sontoloyo
lucu    lo salah rumah dsni bukan rumah penjilat sono jilat junjungan lo dasar cebong ahaha,1,1,1,0,0,0,0,0,1,1,0,0,1,cebong
nama cantik mu tak seiring hati busuk mu ngaku ber agama  kelakuan lebih bagus penyembah berhala dasar apa kau sebut  cebong tunjukkan ayat  kitab suci mu adakah manusia  disebut cebong otak mu dangkal berkedok agama tpi kelakuan se,1,1,1,0,1,0,0,0,0,1,0,0,2,cebong cebong
kalau  thailand  celeng  indonesia  cebong  kampret,1,1,0,1,0,0,0,0,1,0,1,0,3,celeng cebong kampret
cebong emg  selalu minta data xf x f x x,1,1,0,1,0,0,0,0,1,0,1,0,1,cebong
curut cebong kaum takfiri  ternyata xf x f x x,1,1,1,0,0,0,0,0,1,1,0,0,1,cebong
 goblok untung ane cebong happy bukan dungu versi gerung gerung xf x f x x xf x f x x xf x f x x xf x f x x,1,1,1,0,0,0,0,0,1,1,0,0,3,goblok cebong dungu
halah cebong bani taplak ahok ga mau remisi aja smp sgtunya  cipinang dong penjaranya n nadek sayang ga semua orang berani ngadepin hukum dr awal even  hasilnya dy bersalah  engga ga usah pura bego ga perlu diingetin siapa kabur a,1,1,0,1,0,0,0,0,1,0,1,0,4,cebong bani taplak bego
bener bebel nih cebong,1,1,0,1,0,0,0,0,1,0,1,0,1,cebong
cebong yah cebong kamfrettt yah kaum   cuma nyinyir kaum pemalas,1,1,0,1,0,0,0,0,1,0,1,0,2,cebong cebong
cebong aja ngada bikin meme  penista agama lu puja,1,1,0,1,1,0,0,0,0,0,1,0,1,cebong
klo pengen mensyen gw  genepin dulu follower loe  bong loe mensyen gw  ras masuk kakus g  waktu buat cebong dungu berfollower dijit,1,1,1,0,0,0,0,0,1,1,0,0,3,bong cebong dungu
biasa lah prof kaum kambing bengek   beda dikit dibilang cebong ngakak wes,1,1,0,1,0,0,0,0,1,0,1,0,1,cebong
miris sekarnag  apa  imporr cangkul aja impor keahlian cebong  tukang tipu cebong mah gitu goblok  ketulungan plonga plongo mengakibatkan optimisme berlebihan gantipresiden plongaplongo dunningkrugereffect,1,1,0,1,0,0,0,0,1,0,1,0,3,cebong cebong goblok
ayo pak polisi tangkap  usir si raja kodok komunis  istana     cebong cina komunis menghancurkan nkri,1,1,0,1,0,1,0,0,0,0,0,1,3,komunis cebong komunis
bank kena virus cebong nblangsak,1,1,0,1,0,0,0,0,1,0,1,0,1,cebong
semua  cebong  waktunya xf x f x x d xf x f x x d xf x f x x d n tetapjokowi n jokowi periode n jokowibersamaulama,1,1,1,0,0,0,0,0,1,1,0,0,1,cebong
kalo  cebong gak dungu dunia  kiamat bro,1,1,0,1,0,0,0,0,1,0,1,0,2,cebong dungu
 liatin aja cacing sarden sma cebong lgi nyari dukungan  ulama,1,1,0,1,0,0,0,0,1,0,1,0,1,cebong
 situlah  adilnya kelen negra republik cebong   hoax maaih  kejar,1,1,1,0,0,0,0,0,1,1,0,0,1,cebong
kebut infrastruktur biar dianggap satu satunya presiden bapak pembangunan maunya ratusan infrastruktur analisa tak terukur kerja ngawur ekonomi hancur kalo ngomong ngelantur pas mukidi keliru cebong tidur sama penista agama akur r,1,1,1,0,0,0,0,0,1,1,0,0,1,cebong
emang otak loe bersih cebong dungu xf x f x x xf x f x x xf x f x x nbau got  xf x f x x xf x f x x xf x f x x,1,1,1,0,0,0,0,0,1,1,0,0,2,cebong dungu
 mantan penyanyi cilik  gembrot n jelek banget   klu  salah eh ternyata gedenya jadi cebong  kasian deh kamu bakalan kagak   milih calon sj sombong jelas orang kagak pernah sujud tenggelamkan,1,1,1,0,0,0,1,0,0,0,0,1,2,gembrot cebong
cc kaum bumi datar sumbu pendek cebong cebong kampret  teman temannya xf x f x x a url,1,1,0,1,0,0,0,0,1,0,1,0,3,cebong cebong kampret
 sdh terdesak  kehancuran kampret kian melemah dn terdegedrasinya elektabilitas junjungannya lalu mohon istilah cebong dn kampret  tdk diteruskan distop aja ndsr kampret nkrn kepepet nakibatnya mencret nlalu minta,0,1,0,0,0,0,0,0,0,0,0,0,4,kampret cebong kampret kampret
duh cebong ngemeng apa lo gak nyambung,1,1,1,0,0,0,0,0,1,1,0,0,1,cebong
cebong dongo tetap aja dongo abadi xf x f x x xf x f x x xf x f x x xf x f x x xf x f x x xf x f x x xf x f x x xf x f x x xf x f x x x,1,1,1,0,0,0,0,0,1,1,0,0,1,cebong
cebong dongok dah kalah malah gila,1,1,0,1,0,0,1,0,0,0,1,0,3,cebong dongok gila
rt lihat kelakuan trio cebong brengsek  kalau ketemu orang  kalian mau apakan twip url,0,1,0,0,0,0,0,0,0,0,0,0,1,cebong
kata cebong dolar naik ga ngaruh matamu picek gantipresiden,1,1,1,0,0,0,1,0,0,1,0,0,2,cebong picek
bani  sumbu alias taplak alias cebong mulai berkerumun xf x f x x,1,1,0,1,0,0,0,0,1,0,1,0,3,bani taplak cebong
bkn keren lgi namanya  gubernur indonesia presiden karang ja ga da bilang presiden indonesia presiden cebong baru banyak bilang wkwkwkk,1,1,1,0,0,0,0,0,1,1,0,0,1,cebong
cebong bloon gub aceh  partai pengusungnya pdip,1,1,0,1,0,0,0,0,1,0,1,0,1,cebong
makanya cebong ber iq sekolam  gak  bedain fakta  provokasi gak  bedain fakta dgn fitnah,1,1,1,0,0,0,0,0,1,1,0,0,1,cebong
tgb jadi cebong ngkgkgk nulama cebong,1,1,1,0,0,0,0,0,1,1,0,0,2,cebong cebong
mck micin cebong kampret,1,1,0,1,0,0,0,0,1,0,1,0,2,cebong kampret
betul setuju gw bosan muak  ma kelakuan cebong nyinyirnya kebangetan,1,1,0,1,0,0,0,0,1,0,1,0,1,cebong
ah bukanya  selalu gagal paham si kecebong dongo,1,0,1,0,0,0,0,0,1,1,0,0,0,
cebong kan otak nya cuma sak upil,1,1,0,1,0,0,0,0,1,0,1,0,1,cebong
  lah mnggiring opini presiden lama mnang periode kalau lawannya prabowo sbnrnya meluluskan periode jd hati walaupun mrka bkn cebong tp mrka adlh agen ganda,1,1,0,1,0,0,0,0,1,0,1,0,1,cebong
macam cebong   ladenin    jawab jg percuma krn  sndr nyinyir istilah cebong hahaha kan  sdh bilang tanya  ama pak bagaimana kejadian sbnrny,1,1,1,0,0,0,0,0,1,1,0,0,2,cebong cebong
emang loe siapa cebong,1,1,1,0,0,0,0,0,1,1,0,0,1,cebong
cebong koplak muke lo kyk pantat kodok,1,1,1,0,0,0,1,0,0,1,0,0,2,cebong pantat
jangan memframing  kitab suci  milik umat islam  umat mau demo nyalahain rocky trus cebong leyeh  nonton demo  tipi banyak sekali jenis kitab suci busuk,1,1,1,0,1,0,0,0,0,1,0,0,1,cebong
alhamdulillah akhirnya lo nyadar klw cebong pinter  lucu beda banget sama kamfret goblog  beringas n wekawekaweka xf x f x x xf x f x x,1,1,0,1,0,0,0,0,1,0,1,0,1,cebong
goblok kk kecebong ngakunya pancasila nkri  otak  hatinya komunis katanya rezim anti korupsi tp dlm minggu kali ott kpk,1,1,0,1,0,1,0,0,0,0,1,0,3,goblok komunis rezim
xe x x clagi ngetren  thailand cebong mana ngerti xe x x d n nsotoy banget nih lumpur idup,1,1,1,0,0,0,0,0,1,1,0,0,1,cebong
cebong terancam musnah cc,1,1,0,1,0,0,0,0,1,0,1,0,1,cebong
baguslah   bangga  sebutan cebong,1,1,0,1,0,0,0,0,1,0,1,0,1,cebong
goblok main lah kmall jngan dikolam terus lo kata pakan ayam ga beli bong  semua import  beli nya pakai kurs dollar susah klo ngajak cebong debad soal dollar,1,1,1,0,0,0,0,0,1,1,0,0,3,goblok bong cebong
kaum radikal  bani kecebong pengikut mukidi amp penista agama sedang jualan ayat politik  mesjid,1,1,0,1,1,0,0,0,0,0,1,0,1,bani
gpp kotor sekotornya kalo buat cebong saah aja gantipresiden presidenbaru asalbukanjokowi,1,1,1,0,0,0,0,0,1,1,0,0,1,cebong
jangan kebnyakan ngopi om apa  top coffe  kayak iwan fals nyg awalnya cerdas berubah jadi cebong xixixix,1,1,1,0,0,0,0,0,1,1,0,0,1,cebong
sontoloyo ncebong mendem aja sono,1,1,1,0,0,0,0,0,1,1,0,0,1,sontoloyo
bantuan  hutang beda tong cebong dungu atuh mah xf x f x x,1,1,1,0,0,0,0,0,1,1,0,0,2,cebong dungu
cebong g sunat nih pergi loe  septictank ahok,1,1,1,0,0,0,0,0,1,1,0,0,1,cebong
 bang fh ngetuit cebong lgsg ngumpul nspt lampu petromax  kolam xf x f x x,1,1,0,1,0,0,0,0,1,0,1,0,1,cebong
banyak cebong stres disini xf x f x x,1,1,0,1,0,0,0,0,1,0,1,0,1,cebong
orang gila aja   percaya klo kelas langsung ditelan cebong kan g punya otak,1,1,0,1,0,0,0,0,1,0,1,0,2,gila cebong
 cebong dongok sensi  mas xf x f x x,1,1,1,0,0,0,0,0,1,1,0,0,2,cebong dongok
wkwkwk dasar cebong  melarang selama  mnjabat kalo anis kan smntara wkwkwkkw,1,1,1,0,0,0,0,0,1,1,0,0,1,cebong
jangan  menegur org ngomong cebong kampret nkalau berani tegur tuh nyg ngomong kutil babi jokodok nuser,1,1,1,0,0,0,0,0,1,1,0,0,3,cebong kampret babi
wkwkwk tergerus iq nya gara cebong,1,1,0,1,0,0,0,0,1,0,1,0,1,cebong
cebong rata sama gobloknya dgn xf x f x x xf x f x x xf x f x x,1,1,0,1,0,0,0,0,1,0,1,0,1,cebong
maklum cebong daya ingatnya separo,1,1,0,1,0,0,0,0,1,0,1,0,1,cebong
siapa  pemilihnya kalau bukan cebong,1,1,1,0,0,0,0,0,1,1,0,0,1,cebong
gak sudi rakyat punya presiden jongos kacung cina  cuma presidennya cebong cina aja,1,1,1,0,0,1,0,0,0,1,0,0,1,cebong
lihat fakta dong brosing peringkat partai korup juaranya pdip nkalo  oknum muslim korupsi cebong gembira  koar kalo  oknum non muslim korupsi cebong mingkem sebenarnya kalian benc,1,1,0,1,0,0,0,0,1,0,1,0,2,cebong cebong
terima kasih pak jokowi   bekerja memberi manfaat kpd rakyat n nttd ncebong somplak,1,0,1,0,0,0,0,0,1,1,0,0,0,
